EmployeeNumber,p_leave,Age,Gender,MaritalStatus,Department,JobRole,JobLevel,MonthlyIncome,OverTime,BusinessTravel,DistanceFromHome,YearsAtCompany,YearsInCurrentRole,YearsSinceLastPromotion,YearsWithCurrManager,TotalWorkingYears,NumCompaniesWorked,JobSatisfaction,EnvironmentSatisfaction,WorkLifeBalance,RelationshipSatisfaction,JobInvolvement,StockOptionLevel,PercentSalaryHike,PerformanceRating,TrainingTimesLastYear,gap_to_threshold,top_drivers_lowering_risk,top_drivers_raising_risk
42,0.017,39,1,Married,Sales,Sales Representative,2,2086,0,1,5,1,0,0,0,19,3,4,4,4,3,3,1,14,3,6,0.303,MonthlyIncome -1.38; TotalWorkingYears -1.11; EnvironmentSatisfaction -0.63,JobRole +1.79; PayGapPct +1.08; EducationField +0.50
1821,0.019,46,0,Married,Research & Development,Healthcare Representative,2,8926,0,1,21,9,7,3,7,13,4,2,4,4,4,3,1,22,4,2,0.301,PayGapPct -0.96; JobRole -0.77; EnvironmentSatisfaction -0.63,MonthlyIncome +0.75; DistanceFromHome +0.48; DailyRate +0.31
825,0.021,58,1,Single,Research & Development,Research Director,5,19246,1,1,2,31,15,13,8,40,7,2,4,3,4,3,0,12,3,2,0.299,TotalWorkingYears -3.99; JobRole -3.43; JobLevel -0.78,MonthlyIncome +3.98; YearsSinceLastPromotion +1.56; OverTime +1.02
1295,0.023,44,0,Married,Research & Development,Healthcare Representative,3,7978,0,1,15,10,7,0,5,10,1,4,1,3,4,3,1,11,3,2,0.297,JobRole -0.77; OverTime -0.60; JobSatisfaction -0.44,EnvironmentSatisfaction +0.62; MonthlyIncome +0.46; DistanceFromHome +0.24
631,0.023,32,1,Married,Sales,Sales Executive,2,4707,0,0,11,4,2,1,2,6,8,3,4,3,4,4,0,12,3,2,0.297,BusinessTravel -1.00; EducationField -0.77; EnvironmentSatisfaction -0.63,NumCompaniesWorked +0.99; TotalWorkingYears +0.67; StockOptionLevel +0.48
1309,0.029,32,1,Married,Research & Development,Laboratory Technician,2,4883,0,1,7,10,4,1,1,10,1,3,4,3,1,3,1,18,3,3,0.291,EnvironmentSatisfaction -0.63; OverTime -0.60; MonthlyIncome -0.51,JobRole +1.58; RelationshipSatisfaction +0.46; YearsWithCurrManager +0.28
1038,0.03,52,0,Married,Sales,Manager,5,19845,0,1,2,32,14,6,9,33,1,4,1,3,4,1,1,15,3,3,0.29,TotalWorkingYears -3.03; JobRole -2.10; JobLevel -0.78,MonthlyIncome +4.16; JobInvolvement +0.76; YearsAtCompany +0.66
1809,0.031,37,1,Single,Research & Development,Manufacturing Director,2,4213,0,1,10,10,3,0,8,10,1,1,4,1,2,3,0,15,3,4,0.289,MonthlyIncome -0.72; EnvironmentSatisfaction -0.63; OverTime -0.60,PayGapPct +0.64; JobSatisfaction +0.58; StockOptionLevel +0.48
1869,0.032,46,0,Married,Sales,Sales Executive,3,7314,0,1,10,8,7,0,7,14,5,2,3,3,3,3,3,21,4,2,0.288,StockOptionLevel -1.12; OverTime -0.60; TotalWorkingYears -0.42,NumCompaniesWorked +0.43; PayGapPct +0.40; Department +0.31
1573,0.032,38,1,Married,Research & Development,Manufacturing Director,2,4855,0,1,2,5,2,1,4,7,4,2,3,3,1,3,2,11,3,2,0.288,OverTime -0.60; StockOptionLevel -0.58; MonthlyIncome -0.52,TotalWorkingYears +0.54; RelationshipSatisfaction +0.46; PayGapPct +0.34
840,0.042,49,0,Married,Sales,Sales Executive,3,7654,0,1,11,9,8,7,7,9,1,4,3,4,1,3,2,18,3,3,0.278,OverTime -0.60; StockOptionLevel -0.58; JobSatisfaction -0.44,YearsSinceLastPromotion +0.69; RelationshipSatisfaction +0.46; MonthlyIncome +0.36
1459,0.043,31,0,Single,Research & Development,Manufacturing Director,3,7446,0,2,1,10,8,4,7,10,1,2,3,3,1,4,0,11,3,2,0.277,OverTime -0.60; JobInvolvement -0.48; JobRole -0.40,BusinessTravel +0.67; StockOptionLevel +0.48; RelationshipSatisfaction +0.46
828,0.044,28,1,Single,Research & Development,Research Scientist,1,4382,0,1,2,2,2,2,1,5,6,3,3,2,4,3,0,17,3,3,0.276,PayGapPct -1.13; MonthlyIncome -0.67; OverTime -0.60,TotalWorkingYears +0.81; NumCompaniesWorked +0.62; StockOptionLevel +0.48
283,0.044,29,0,Married,Sales,Sales Executive,3,7639,0,1,27,10,4,1,9,10,1,4,2,2,4,3,3,22,4,3,0.276,StockOptionLevel -1.12; OverTime -0.60; YearsWithCurrManager -0.49,DistanceFromHome +0.71; DailyRate +0.39; MonthlyIncome +0.35
1457,0.045,46,1,Divorced,Sales,Sales Executive,3,10096,0,1,9,7,7,4,3,28,4,4,1,4,1,3,1,11,3,1,0.275,TotalWorkingYears -2.34; OverTime -0.60; JobSatisfaction -0.44,MonthlyIncome +1.12; EnvironmentSatisfaction +0.62; RelationshipSatisfaction +0.46
787,0.05,55,1,Married,Research & Development,Manager,5,19859,1,1,2,5,2,1,4,24,5,1,4,3,4,3,1,13,3,2,0.27,JobRole -2.10; TotalWorkingYears -1.79; JobLevel -0.78,MonthlyIncome +4.17; OverTime +1.02; JobSatisfaction +0.58
1842,0.054,31,1,Married,Human Resources,Human Resources,1,2956,0,1,18,1,0,0,0,2,0,1,4,3,3,4,0,17,3,4,0.266,MonthlyIncome -1.11; EnvironmentSatisfaction -0.63; OverTime -0.60,TotalWorkingYears +1.22; EducationField +0.95; JobRole +0.67
2044,0.066,50,1,Divorced,Sales,Sales Executive,2,6728,0,2,1,6,3,0,1,12,7,3,2,3,4,3,2,12,3,3,0.254,OverTime -0.60; StockOptionLevel -0.58; RelationshipSatisfaction -0.34,NumCompaniesWorked +0.80; BusinessTravel +0.67; Department +0.31
582,0.068,33,1,Married,Research & Development,Manager,3,13610,1,1,15,7,6,7,7,15,7,3,2,4,4,3,0,12,3,2,0.252,JobRole -2.10; PayGapPct -0.68; TotalWorkingYears -0.56,MonthlyIncome +2.22; OverTime +1.02; NumCompaniesWorked +0.80
1127,0.068,39,1,Divorced,Research & Development,Healthcare Representative,4,12169,0,2,2,18,7,11,5,21,7,4,1,3,4,3,3,11,3,4,0.252,TotalWorkingYears -1.38; StockOptionLevel -1.12; JobRole -0.77,MonthlyIncome +1.77; YearsSinceLastPromotion +1.27; NumCompaniesWorked +0.80
1562,0.073,30,1,Married,Sales,Sales Executive,2,9714,0,1,1,10,8,6,7,10,1,1,2,3,4,2,1,11,3,4,0.247,PayGapPct -1.34; OverTime -0.60; RelationshipSatisfaction -0.34,MonthlyIncome +1.00; JobSatisfaction +0.58; YearsSinceLastPromotion +0.55
118,0.078,46,1,Single,Sales,Sales Executive,3,9619,0,1,9,9,8,4,7,9,1,4,3,3,4,2,0,16,3,3,0.242,OverTime -0.60; JobSatisfaction -0.44; RelationshipSatisfaction -0.34,MonthlyIncome +0.97; StockOptionLevel +0.48; JobInvolvement +0.34
342,0.08,37,1,Divorced,Research & Development,Manufacturing Director,3,10048,0,2,10,1,0,0,0,17,6,3,1,3,2,3,2,11,3,5,0.24,TotalWorkingYears -0.83; OverTime -0.60; StockOptionLevel -0.58,MonthlyIncome +1.10; BusinessTravel +0.67; EnvironmentSatisfaction +0.62
842,0.081,55,1,Single,Sales,Sales Executive,2,5160,0,1,2,9,7,7,3,12,4,4,3,2,3,3,0,16,3,3,0.239,OverTime -0.60; JobSatisfaction -0.44; MonthlyIncome -0.42,YearsSinceLastPromotion +0.69; StockOptionLevel +0.48; PayGapPct +0.34
1807,0.084,34,1,Married,Research & Development,Laboratory Technician,2,5346,0,2,9,7,1,0,7,11,4,1,4,2,3,3,1,17,3,3,0.236,EnvironmentSatisfaction -0.63; OverTime -0.60; PayGapPct -0.51,JobRole +1.58; BusinessTravel +0.67; JobSatisfaction +0.58
1042,0.085,36,0,Single,Research & Development,Laboratory Technician,1,2743,0,1,16,17,13,15,14,18,1,1,3,3,3,4,0,16,3,1,0.235,MonthlyIncome -1.18; TotalWorkingYears -0.97; YearsWithCurrManager -0.96,YearsSinceLastPromotion +1.85; JobRole +1.58; JobSatisfaction +0.58
433,0.098,52,1,Married,Research & Development,Research Scientist,2,4941,0,1,8,8,2,7,7,11,2,2,3,2,1,2,0,15,3,3,0.222,OverTime -0.60; MonthlyIncome -0.49; YearsWithCurrManager -0.29,YearsSinceLastPromotion +0.69; StockOptionLevel +0.48; RelationshipSatisfaction +0.46
1200,0.105,44,1,Single,Research & Development,Research Scientist,1,2936,1,1,10,6,4,0,2,6,1,3,3,3,3,3,0,11,3,4,0.215,MonthlyIncome -1.12; YearsSinceLastPromotion -0.32; NumCompaniesWorked -0.31,OverTime +1.02; TotalWorkingYears +0.67; StockOptionLevel +0.48
1537,0.107,31,0,Single,Research & Development,Research Scientist,1,4084,0,2,3,7,2,7,7,7,1,3,4,1,1,3,0,12,3,2,0.213,PayGapPct -0.84; MonthlyIncome -0.76; EnvironmentSatisfaction -0.63,YearsSinceLastPromotion +0.69; BusinessTravel +0.67; TotalWorkingYears +0.54
1106,0.114,25,1,Married,Research & Development,Laboratory Technician,1,3691,1,1,4,7,7,5,6,7,1,4,4,4,2,3,1,15,3,3,0.206,MonthlyIncome -0.88; EnvironmentSatisfaction -0.63; PayGapPct -0.60,JobRole +1.58; OverTime +1.02; TotalWorkingYears +0.54
1467,0.115,34,0,Married,Human Resources,Human Resources,1,2742,0,1,9,2,2,2,2,2,1,3,1,3,4,3,0,15,3,0,0.205,MonthlyIncome -1.18; OverTime -0.60; Department -0.45,TotalWorkingYears +1.22; JobRole +0.67; EnvironmentSatisfaction +0.62
1761,0.115,31,1,Married,Sales,Sales Executive,3,8161,0,1,16,1,0,0,0,10,2,3,1,3,1,3,3,13,3,2,0.205,StockOptionLevel -1.12; OverTime -0.60; YearsSinceLastPromotion -0.32,EnvironmentSatisfaction +0.62; MonthlyIncome +0.51; RelationshipSatisfaction +0.46
1360,0.115,58,0,Married,Research & Development,Manufacturing Director,3,10008,1,1,7,10,9,5,9,31,7,1,3,2,4,2,0,14,3,0,0.205,TotalWorkingYears -2.75; YearsWithCurrManager -0.49; JobRole -0.40,MonthlyIncome +1.09; OverTime +1.02; NumCompaniesWorked +0.80
926,0.115,22,0,Married,Research & Development,Manufacturing Director,2,4171,1,1,3,3,2,0,2,4,0,3,2,4,1,3,1,19,3,3,0.205,MonthlyIncome -0.73; NumCompaniesWorked -0.49; JobRole -0.40,OverTime +1.02; TotalWorkingYears +0.95; PayGapPct +0.54
1310,0.121,39,1,Single,Research & Development,Research Scientist,1,3904,0,1,23,5,2,0,3,6,0,1,3,3,1,3,0,13,3,2,0.199,MonthlyIncome -0.82; PayGapPct -0.74; OverTime -0.60,TotalWorkingYears +0.67; JobSatisfaction +0.58; DistanceFromHome +0.56
1792,0.129,44,1,Divorced,Research & Development,Research Scientist,1,2342,1,2,1,5,3,2,3,6,1,2,3,2,3,3,3,12,3,2,0.191,MonthlyIncome -1.30; StockOptionLevel -1.12; DistanceFromHome -0.32,OverTime +1.02; TotalWorkingYears +0.67; BusinessTravel +0.67
291,0.133,32,1,Married,Sales,Sales Executive,3,10400,0,1,4,14,8,9,8,14,1,4,4,2,3,1,0,11,3,2,0.187,EnvironmentSatisfaction -0.63; OverTime -0.60; JobSatisfaction -0.44,MonthlyIncome +1.21; YearsSinceLastPromotion +0.98; JobInvolvement +0.76
667,0.137,27,1,Divorced,Sales,Sales Representative,1,3041,0,1,2,4,3,0,2,5,0,1,3,3,2,3,1,11,3,3,0.183,MonthlyIncome -1.08; OverTime -0.60; NumCompaniesWorked -0.49,JobRole +1.79; TotalWorkingYears +0.81; JobSatisfaction +0.58
1534,0.139,40,1,Single,Research & Development,Laboratory Technician,1,2018,0,1,9,5,4,1,0,15,3,1,4,1,2,3,0,14,3,3,0.181,MonthlyIncome -1.40; EnvironmentSatisfaction -0.63; OverTime -0.60,JobRole +1.58; PayGapPct +0.78; JobSatisfaction +0.58
986,0.14,40,0,Single,Sales,Sales Executive,4,13194,1,0,24,1,0,0,0,22,4,2,2,2,4,4,0,16,3,2,0.18,TotalWorkingYears -1.52; BusinessTravel -1.00; JobLevel -0.52,MonthlyIncome +2.09; OverTime +1.02; DistanceFromHome +0.60
566,0.144,19,1,Single,Human Resources,Human Resources,1,2564,0,1,2,1,0,0,0,1,1,4,1,4,3,2,0,12,3,3,0.176,MonthlyIncome -1.23; OverTime -0.60; Department -0.45,TotalWorkingYears +1.36; JobRole +0.67; EnvironmentSatisfaction +0.62
967,0.147,36,1,Married,Sales,Sales Executive,3,10325,1,1,3,16,7,3,7,16,1,4,3,3,1,2,1,11,3,6,0.173,TotalWorkingYears -0.70; JobSatisfaction -0.44; TrainingTimesLastYear -0.39,MonthlyIncome +1.19; OverTime +1.02; RelationshipSatisfaction +0.46
1101,0.157,33,0,Single,Research & Development,Research Scientist,2,4508,0,2,29,13,7,3,8,14,1,3,1,3,2,2,0,22,4,4,0.163,MonthlyIncome -0.63; OverTime -0.60; PercentSalaryHike -0.43,DistanceFromHome +0.79; BusinessTravel +0.67; EnvironmentSatisfaction +0.62
701,0.165,20,1,Single,Research & Development,Research Scientist,1,1009,1,1,10,1,0,1,1,1,1,3,4,3,4,3,0,11,3,5,0.155,MonthlyIncome -1.72; EnvironmentSatisfaction -0.63; RelationshipSatisfaction -0.34,PayGapPct +1.40; TotalWorkingYears +1.36; OverTime +1.02
488,0.166,41,1,Single,Sales,Sales Executive,2,9355,0,2,4,8,7,7,7,8,1,2,1,3,3,3,0,18,3,5,0.154,PayGapPct -1.27; OverTime -0.60; NumCompaniesWorked -0.31,MonthlyIncome +0.89; YearsSinceLastPromotion +0.69; BusinessTravel +0.67
376,0.172,47,1,Married,Research & Development,Manager,3,11849,1,0,29,10,7,9,9,10,1,2,1,2,4,3,1,12,3,2,0.148,JobRole -2.10; BusinessTravel -1.00; YearsWithCurrManager -0.49,MonthlyIncome +1.67; OverTime +1.02; YearsSinceLastPromotion +0.98
848,0.172,26,0,Married,Research & Development,Research Scientist,1,2366,1,2,5,8,7,1,7,8,1,3,3,3,1,2,1,14,3,2,0.148,MonthlyIncome -1.30; NumCompaniesWorked -0.31; YearsWithCurrManager -0.29,OverTime +1.02; BusinessTravel +0.67; RelationshipSatisfaction +0.46
445,0.173,39,0,Married,Sales,Sales Executive,2,5238,1,1,3,1,0,0,0,12,4,3,4,2,1,3,0,18,3,3,0.147,EnvironmentSatisfaction -0.63; MonthlyIncome -0.40; YearsSinceLastPromotion -0.32,OverTime +1.02; StockOptionLevel +0.48; RelationshipSatisfaction +0.46
650,0.177,31,1,Divorced,Sales,Sales Executive,2,4233,0,1,13,3,1,1,2,9,2,1,2,1,3,3,0,17,3,2,0.143,MonthlyIncome -0.71; OverTime -0.60; DailyRate -0.31,PayGapPct +0.63; JobSatisfaction +0.58; StockOptionLevel +0.48
1165,0.178,29,0,Married,Sales,Sales Executive,3,7336,0,1,23,11,8,3,10,11,1,1,4,1,1,2,1,13,3,3,0.142,EnvironmentSatisfaction -0.63; OverTime -0.60; YearsWithCurrManager -0.58,JobSatisfaction +0.58; DistanceFromHome +0.56; WorkLifeBalance +0.48
538,0.182,25,1,Married,Research & Development,Laboratory Technician,1,4031,0,1,3,2,2,0,2,6,5,1,1,3,3,3,1,13,3,5,0.138,PayGapPct -0.89; MonthlyIncome -0.78; OverTime -0.60,JobRole +1.58; TotalWorkingYears +0.67; EnvironmentSatisfaction +0.62
1421,0.194,29,0,Single,Research & Development,Healthcare Representative,3,7553,1,2,14,8,7,7,7,9,0,4,3,3,1,3,0,12,3,1,0.126,EducationField -0.77; JobRole -0.77; NumCompaniesWorked -0.49,OverTime +1.02; YearsSinceLastPromotion +0.69; BusinessTravel +0.67
1156,0.195,18,1,Single,Research & Development,Laboratory Technician,1,1904,0,0,8,0,0,0,0,0,1,3,3,3,4,3,0,12,3,0,0.125,MonthlyIncome -1.44; BusinessTravel -1.00; OverTime -0.60,JobRole +1.58; TotalWorkingYears +1.50; PayGapPct +0.65
1277,0.195,45,0,Single,Sales,Manager,5,18824,1,1,2,24,10,1,11,26,2,2,1,3,1,1,0,16,3,2,0.125,JobRole -2.10; TotalWorkingYears -2.07; JobLevel -0.78,MonthlyIncome +3.85; OverTime +1.02; JobInvolvement +0.76
1010,0.203,35,1,Divorced,Research & Development,Laboratory Technician,1,3743,1,1,14,4,2,0,2,5,1,2,3,1,4,2,1,24,4,2,0.117,MonthlyIncome -0.87; EducationField -0.77; PayGapPct -0.67,JobRole +1.58; OverTime +1.02; TotalWorkingYears +0.81
45,0.207,24,1,Married,Research & Development,Research Scientist,1,2293,1,1,1,2,0,2,0,6,2,4,2,2,1,3,1,16,3,2,0.113,MonthlyIncome -1.32; JobSatisfaction -0.44; DistanceFromHome -0.32,OverTime +1.02; TotalWorkingYears +0.67; PayGapPct +0.47
1907,0.216,56,1,Single,Research & Development,Laboratory Technician,1,2587,0,1,24,4,2,1,0,5,1,4,1,3,4,3,0,16,3,3,0.104,MonthlyIncome -1.23; OverTime -0.60; JobSatisfaction -0.44,JobRole +1.58; TotalWorkingYears +0.81; EnvironmentSatisfaction +0.62
364,0.222,28,1,Single,Research & Development,Laboratory Technician,1,3485,0,1,2,0,0,0,0,5,2,3,1,1,3,3,0,11,3,5,0.098,MonthlyIncome -0.95; OverTime -0.60; PayGapPct -0.49,JobRole +1.58; TotalWorkingYears +0.81; EnvironmentSatisfaction +0.62
1933,0.228,28,0,Single,Sales,Sales Executive,2,9854,1,1,13,2,0,2,2,6,3,3,4,3,4,3,0,11,3,0,0.092,PayGapPct -1.57; EnvironmentSatisfaction -0.63; DailyRate -0.38,MonthlyIncome +1.04; OverTime +1.02; TotalWorkingYears +0.67
494,0.228,21,0,Single,Sales,Sales Representative,1,2716,0,1,12,1,0,0,0,1,1,2,3,3,4,4,0,15,3,0,0.092,MonthlyIncome -1.19; OverTime -0.60; JobInvolvement -0.48,JobRole +1.79; TotalWorkingYears +1.36; StockOptionLevel +0.48
297,0.232,30,0,Single,Research & Development,Research Scientist,1,2657,1,1,3,5,2,0,4,8,5,1,4,3,3,3,0,11,3,5,0.088,MonthlyIncome -1.20; EnvironmentSatisfaction -0.63; YearsSinceLastPromotion -0.32,OverTime +1.02; JobSatisfaction +0.58; EducationField +0.50
1486,0.233,28,1,Married,Sales,Sales Representative,1,2909,0,2,1,3,2,1,2,5,3,3,1,4,4,3,1,15,3,3,0.087,MonthlyIncome -1.13; OverTime -0.60; DailyRate -0.39,JobRole +1.79; TotalWorkingYears +0.81; BusinessTravel +0.67
608,0.233,26,0,Divorced,Human Resources,Human Resources,1,2741,1,2,17,7,7,1,0,8,0,3,2,2,2,3,1,11,3,2,0.087,MonthlyIncome -1.18; NumCompaniesWorked -0.49; Department -0.45,OverTime +1.02; JobRole +0.67; BusinessTravel +0.67
2032,0.235,56,1,Married,Research & Development,Laboratory Technician,1,2339,0,1,7,10,9,9,8,14,8,3,4,1,4,3,1,11,3,4,0.085,MonthlyIncome -1.30; EnvironmentSatisfaction -0.63; OverTime -0.60,JobRole +1.58; NumCompaniesWorked +0.99; YearsSinceLastPromotion +0.98
27,0.245,36,1,Single,Sales,Sales Representative,1,3407,0,1,9,5,3,0,3,10,7,1,3,3,2,2,0,23,4,4,0.075,MonthlyIncome -0.97; OverTime -0.60; PayGapPct -0.59,JobRole +1.79; NumCompaniesWorked +0.80; JobSatisfaction +0.58
1405,0.246,27,0,Single,Research & Development,Research Scientist,1,2394,1,1,17,8,2,7,7,8,1,3,4,3,4,3,0,13,3,2,0.074,MonthlyIncome -1.29; EnvironmentSatisfaction -0.63; RelationshipSatisfaction -0.34,OverTime +1.02; YearsSinceLastPromotion +0.69; StockOptionLevel +0.48
1692,0.248,32,1,Single,Research & Development,Laboratory Technician,1,1393,0,1,2,1,0,0,0,1,1,2,4,3,1,3,0,12,3,2,0.072,MonthlyIncome -1.60; EnvironmentSatisfaction -0.63; OverTime -0.60,JobRole +1.58; TotalWorkingYears +1.36; PayGapPct +1.09
440,0.268,28,1,Married,Research & Development,Research Scientist,1,3464,1,1,2,3,2,2,2,5,5,4,1,2,4,1,0,13,3,4,0.052,MonthlyIncome -0.95; JobSatisfaction -0.44; PayGapPct -0.43,OverTime +1.02; TotalWorkingYears +0.81; JobInvolvement +0.76
328,0.271,33,0,Married,Research & Development,Laboratory Technician,1,2707,0,1,2,9,7,1,7,13,7,1,1,4,1,3,0,20,4,3,0.049,MonthlyIncome -1.19; OverTime -0.60; WorkLifeBalance -0.32,JobRole +1.58; NumCompaniesWorked +0.80; EnvironmentSatisfaction +0.62
565,0.28,29,0,Married,Research & Development,Research Scientist,1,2546,0,1,25,2,2,1,1,6,5,2,3,4,2,2,0,16,3,2,0.04,MonthlyIncome -1.24; OverTime -0.60; WorkLifeBalance -0.32,TotalWorkingYears +0.67; DistanceFromHome +0.64; EducationField +0.50
282,0.283,38,1,Married,Research & Development,Healthcare Representative,2,6673,1,1,29,1,0,0,0,17,7,1,2,3,2,3,0,19,3,2,0.037,TotalWorkingYears -0.83; JobRole -0.77; YearsSinceLastPromotion -0.32,OverTime +1.02; NumCompaniesWorked +0.80; DistanceFromHome +0.79
1160,0.283,31,1,Married,Research & Development,Laboratory Technician,1,2610,0,2,15,2,2,2,2,2,1,3,3,2,3,3,1,12,3,5,0.037,MonthlyIncome -1.22; OverTime -0.60; NumCompaniesWorked -0.31,JobRole +1.58; TotalWorkingYears +1.22; BusinessTravel +0.67
405,0.285,18,1,Single,Research & Development,Laboratory Technician,1,1420,0,1,3,0,0,0,0,0,1,3,3,3,3,3,0,13,3,2,0.035,MonthlyIncome -1.59; OverTime -0.60; YearsSinceLastPromotion -0.32,JobRole +1.58; TotalWorkingYears +1.50; PayGapPct +1.05
190,0.286,32,0,Single,Research & Development,Laboratory Technician,1,4200,0,1,9,5,4,0,4,10,7,1,1,4,1,3,0,22,4,2,0.034,PayGapPct -0.90; MonthlyIncome -0.72; OverTime -0.60,JobRole +1.58; NumCompaniesWorked +0.80; EnvironmentSatisfaction +0.62
1797,0.288,35,1,Single,Sales,Sales Executive,2,5813,1,1,27,10,7,7,7,10,1,4,3,3,4,3,0,18,3,2,0.032,JobSatisfaction -0.44; RelationshipSatisfaction -0.34; NumCompaniesWorked -0.31,OverTime +1.02; DistanceFromHome +0.71; YearsSinceLastPromotion +0.69
811,0.293,23,1,Married,Research & Development,Laboratory Technician,1,1601,1,1,6,0,0,0,0,1,1,1,3,3,3,4,2,21,4,2,0.027,MonthlyIncome -1.53; StockOptionLevel -0.58; JobInvolvement -0.48,JobRole +1.58; TotalWorkingYears +1.36; OverTime +1.02
1052,0.296,36,1,Divorced,Research & Development,Laboratory Technician,2,4834,0,1,15,1,0,0,0,9,7,3,1,2,2,3,1,14,3,3,0.024,EducationField -0.77; OverTime -0.60; MonthlyIncome -0.52,JobRole +1.58; NumCompaniesWorked +0.80; EnvironmentSatisfaction +0.62
587,0.298,31,1,Married,Research & Development,Healthcare Representative,3,9824,0,2,20,1,0,0,0,12,3,3,1,3,1,3,0,12,3,2,0.022,JobRole -0.77; OverTime -0.60; YearsSinceLastPromotion -0.32,MonthlyIncome +1.03; BusinessTravel +0.67; EnvironmentSatisfaction +0.62
392,0.306,44,1,Divorced,Research & Development,Laboratory Technician,1,3161,1,2,24,1,0,0,0,19,3,3,4,1,4,3,1,22,4,0,0.014,TotalWorkingYears -1.11; MonthlyIncome -1.05; EnvironmentSatisfaction -0.63,JobRole +1.58; OverTime +1.02; BusinessTravel +0.67
684,0.314,45,0,Married,Sales,Sales Executive,2,4286,0,2,26,1,1,0,0,5,2,1,1,3,4,3,2,14,3,4,0.006,MonthlyIncome -0.70; OverTime -0.60; StockOptionLevel -0.58,TotalWorkingYears +0.81; DistanceFromHome +0.68; BusinessTravel +0.67
