replacement_multiplier,success_rate,intervention_months,threshold,break_even_threshold,flagged,savings_vs_do_nothing,savings_pct
0.5,0.2,0.5,0.43,0.41666666666666663,17,32592.700000000186,0.02535954821883204
0.5,0.2,1.0,0.65,0.8333333333333333,7,4758.200000000186,0.0037022340074572106
0.5,0.2,2.0,0.91,1.6666666666666665,2,-2633.600000000093,-0.0020491369597829584
0.5,0.4,0.5,0.32,0.20833333333333331,36,90566.1000000001,0.07046717148139164
0.5,0.4,1.0,0.43,0.41666666666666663,17,65185.40000000014,0.050719096437663896
0.5,0.4,2.0,0.65,0.8333333333333333,7,9516.399999999907,0.0074044680149140596
0.5,0.6,0.5,0.28,0.1388888888888889,49,173234.5,0.13478934411433338
0.5,0.6,1.0,0.35,0.2777777777777778,30,123350.40000000014,0.09597579877126489
0.5,0.6,2.0,0.53,0.5555555555555556,14,77443.19999999995,0.06025657784168359
1.0,0.2,0.5,0.32,0.20833333333333331,36,90566.1000000001,0.03523358574069582
1.0,0.2,1.0,0.43,0.41666666666666663,17,65185.40000000037,0.02535954821883204
1.0,0.2,2.0,0.65,0.8333333333333333,7,9516.400000000373,0.0037022340074572106
1.0,0.4,0.5,0.17,0.10416666666666666,92,338997.7000000002,0.13188273016999377
1.0,0.4,1.0,0.32,0.20833333333333331,36,181132.2000000002,0.07046717148139164
1.0,0.4,2.0,0.43,0.41666666666666663,17,130370.80000000028,0.050719096437663896
1.0,0.6,0.5,0.11,0.06944444444444445,126,591350.7,0.23005744523911784
1.0,0.6,1.0,0.28,0.1388888888888889,49,346469.0,0.13478934411433338
1.0,0.6,2.0,0.35,0.2777777777777778,30,246700.80000000028,0.09597579877126489
2.0,0.2,0.5,0.17,0.10416666666666666,92,338997.7000000002,0.06594136508499689
2.0,0.2,1.0,0.32,0.20833333333333331,36,181132.2000000002,0.03523358574069582
2.0,0.2,2.0,0.43,0.41666666666666663,17,130370.80000000075,0.02535954821883204
2.0,0.4,0.5,0.06,0.05208333333333333,179,1318281.6,0.2564303187615544
2.0,0.4,1.0,0.17,0.10416666666666666,92,677995.4000000004,0.13188273016999377
2.0,0.4,2.0,0.32,0.20833333333333331,36,362264.4000000004,0.07046717148139164
2.0,0.6,0.5,0.06,0.034722222222222224,179,2212454.4,0.43036357864465646
2.0,0.6,1.0,0.11,0.06944444444444445,126,1182701.4,0.23005744523911784
2.0,0.6,2.0,0.28,0.1388888888888889,49,692938.0,0.13478934411433338
